n_samples,avg_offdiag_cosine,max_offdiag_cosine,min_offdiag_cosine
5,0.7385574579238892,0.9579962491989136,0.6292632222175598
